channel,y,dN_dy
Xn0n,0.0001,91204.76879
Xn0n,0.0001266380173,71925.44091
Xn0n,0.0001603718744,56688.8403
Xn0n,0.0002030917621,44643.7307
Xn0n,0.0002571913809,35118.07071
Xn0n,0.0003257020656,27581.40026
Xn0n,0.0004124626383,21615.17661
Xn0n,0.0005223345074,16889.41873
Xn0n,0.0006614740641,13144.09319
Xn0n,0.0008376776401,10174.62926
Xn0n,0.001060818355,7820.267412
Xn0n,0.001343399333,5954.983257
Xn0n,0.00170125428,4480.14302
Xn0n,0.00215443469,3318.674969
Xn0n,0.002728333376,2410.290555
Xn0n,0.003455107295,1707.588126
Xn0n,0.004375479375,1172.807668
Xn0n,0.00554102033,775.1671992
Xn0n,0.007017038287,488.740994
Xn0n,0.008886238163,290.9216721
Xn0n,0.01125335583,161.5126204
Xn0n,0.0142510267,82.45655435
Xn0n,0.01804721767,38.08552391
Xn0n,0.02285463864,15.62337004
Xn0n,0.02894266125,5.575316678
Xn0n,0.03665241237,1.691565343
Xn0n,0.04641588834,0.4254443507
Xn0n,0.05878016072,0.08624518944
Xn0n,0.07443803013,0.01365331603
Xn0n,0.09426684551,0.001626880355
Xn0n,0.1193776642,0.0001398462734
Xn0n,0.1511775071,8.504161616e-06
Xn0n,0.1914481976,4.456643379e-07
Xn0n,0.2424462017,1.827913191e-08
Xn0n,0.307029063,8.027033871e-10
Xn0n,0.388815518,6.13038653e-11
Xn0n,0.4923882632,2.140997245e-12
Xn0n,0.6235507341,5.891436131e-14
Xn0n,0.7896522868,7.878088199e-16
Xn0n,1,4.732727707e-18
