channel,bmax,y,dN_dy
PL(AnAn),650,0.0001,689919.2487
PL(AnAn),650,0.0001168951816,589610.6962
PL(AnAn),650,0.0001366448349,503733.1924
PL(AnAn),650,0.000159731228,430195.4172
PL(AnAn),650,0.0001867181091,367208.3715
PL(AnAn),650,0.0002182644728,313241.8609
PL(AnAn),650,0.000255140652,266987.3244
PL(AnAn),650,0.0002982471286,227326.0976
PL(AnAn),650,0.0003486365228,193302.3316
PL(AnAn),650,0.0004075392966,164099.8993
PL(AnAn),650,0.000476393801,139022.7061
PL(AnAn),650,0.0005568813991,117477.8991
PL(AnAn),650,0.000650967523,98961.52409
PL(AnAn),650,0.0007609496685,83046.22219
PL(AnAn),650,0.0008895134973,69370.59254
PL(AnAn),650,0.001039798418,57629.87523
PL(AnAn),650,0.00121547425,47567.63796
PL(AnAn),650,0.001420830833,38968.19544
PL(AnAn),650,0.001660882783,31649.56004
PL(AnAn),650,0.001941491946,25456.82749
PL(AnAn),650,0.002269510537,20256.04054
PL(AnAn),650,0.002652948464,15928.72489
PL(AnAn),650,0.003101168927,12367.40985
PL(AnAn),650,0.00362511705,9472.466941
PL(AnAn),650,0.004237587161,7150.469683
PL(AnAn),650,0.004953535209,5313.997119
PL(AnAn),650,0.005790443981,3882.462248
PL(AnAn),650,0.006768750009,2783.305436
PL(AnAn),650,0.007912342619,1952.89695
PL(AnAn),650,0.009249147277,1336.757301
PL(AnAn),650,0.01081180751,889.0785103
PL(AnAn),650,0.01263848203,571.8025296
PL(AnAn),650,0.01477377653,353.5743293
PL(AnAn),650,0.01726983291,208.7876273
PL(AnAn),650,0.02018760255,116.8038496
PL(AnAn),650,0.02359833467,61.32935792
PL(AnAn),650,0.02758531618,29.8922744
PL(AnAn),650,0.03224590545,13.35122098
PL(AnAn),650,0.03769390975,5.382463681
PL(AnAn),650,0.04406236428,1.924156608
PL(AnAn),650,0.05150678076,0.5974312369
PL(AnAn),650,0.06020894493,0.1572471476
PL(AnAn),650,0.07038135555,0.03410355429
PL(AnAn),650,0.08227241342,0.005895640179
PL(AnAn),650,0.09617248711,0.0007815171865
PL(AnAn),650,0.1124210035,7.591816232e-05
PL(AnAn),650,0.1314147363,5.125782394e-06
PL(AnAn),650,0.1536174947,2.261078767e-07
PL(AnAn),650,0.1795714494,6.062038591e-09
PL(AnAn),650,0.209910372,9.077873822e-11
PL(AnAn),650,0.2453751107,6.879261102e-13
PL(AnAn),650,0.2868316813,2.350667074e-15
PL(AnAn),650,0.3352924149,3.165041096e-18
PL(AnAn),650,0.3919406775,1.434408376e-21
PL(AnAn),650,0.4581597669,1.820064549e-25
PL(AnAn),650,0.5355666918,5.213544762e-30
PL(AnAn),650,0.6260516572,2.621426832e-35
PL(AnAn),650,0.7318242219,1.595758344e-41
PL(AnAn),650,0.8554672536,0
PL(AnAn),650,1,0
PL(AnAn),10000000,0.0001,1446021.269
PL(AnAn),10000000,0.0001168951816,1195309.158
PL(AnAn),10000000,0.0001366448349,986865.6722
PL(AnAn),10000000,0.000159731228,813710.1626
PL(AnAn),10000000,0.0001867181091,669996.9183
PL(AnAn),10000000,0.0002182644728,550832.9264
PL(AnAn),10000000,0.000255140652,452124.6002
PL(AnAn),10000000,0.0002982471286,370448.9131
PL(AnAn),10000000,0.0003486365228,302945.0827
PL(AnAn),10000000,0.0004075392966,247223.5582
PL(AnAn),10000000,0.000476393801,201289.5706
PL(AnAn),10000000,0.0005568813991,163478.9383
PL(AnAn),10000000,0.000650967523,132404.1814
PL(AnAn),10000000,0.0007609496685,106909.305
PL(AnAn),10000000,0.0008895134973,86031.87237
PL(AnAn),10000000,0.001039798418,68971.20265
PL(AnAn),10000000,0.00121547425,55061.71577
PL(AnAn),10000000,0.001420830833,43750.59887
PL(AnAn),10000000,0.001660882783,34579.10133
PL(AnAn),10000000,0.001941491946,27166.87425
PL(AnAn),10000000,0.002269510537,21198.86347
PL(AnAn),10000000,0.002652948464,16414.34352
PL(AnAn),10000000,0.003101168927,12597.74547
PL(AnAn),10000000,0.00362511705,9570.987854
PL(AnAn),10000000,0.004237587161,7187.066913
PL(AnAn),10000000,0.004953535209,5324.702541
PL(AnAn),10000000,0.005790443981,3883.870957
PL(AnAn),10000000,0.006768750009,2782.084424
PL(AnAn),10000000,0.007912342619,1951.303808
PL(AnAn),10000000,0.009249147277,1335.391212
PL(AnAn),10000000,0.01081180751,888.0274129
PL(AnAn),10000000,0.01263848203,571.0318933
PL(AnAn),10000000,0.01477377653,353.0308817
PL(AnAn),10000000,0.01726983291,208.4205257
PL(AnAn),10000000,0.02018760255,116.5681697
PL(AnAn),10000000,0.02359833467,61.18693636
PL(AnAn),10000000,0.02758531618,29.8121754
PL(AnAn),10000000,0.03224590545,13.30984674
PL(AnAn),10000000,0.03769390975,5.363136082
PL(AnAn),10000000,0.04406236428,1.916137113
PL(AnAn),10000000,0.05150678076,0.5945371476
PL(AnAn),10000000,0.06020894493,0.156360749
PL(AnAn),10000000,0.07038135555,0.0338796396
PL(AnAn),10000000,0.08227241342,0.005850518348
PL(AnAn),10000000,0.09617248711,0.0007745407023
PL(AnAn),10000000,0.1124210035,7.512730217e-05
PL(AnAn),10000000,0.1314147363,5.063446633e-06
PL(AnAn),10000000,0.1536174947,2.228968432e-07
PL(AnAn),10000000,0.1795714494,5.961485012e-09
PL(AnAn),10000000,0.209910372,8.901966262e-11
PL(AnAn),10000000,0.2453751107,6.723516137e-13
PL(AnAn),10000000,0.2868316813,2.288484731e-15
PL(AnAn),10000000,0.3352924149,3.067210581e-18
PL(AnAn),10000000,0.3919406775,1.382601645e-21
PL(AnAn),10000000,0.4581597669,1.74325744e-25
PL(AnAn),10000000,0.5355666918,4.95649725e-30
PL(AnAn),10000000,0.6260516572,2.470444487e-35
PL(AnAn),10000000,0.7318242219,1.481930596e-41
PL(AnAn),10000000,0.8554672536,0
PL(AnAn),10000000,1,0
AnAn,650,0.0001,654652.9456
AnAn,650,0.0001168951816,559444.3374
AnAn,650,0.0001366448349,477930.0402
AnAn,650,0.000159731228,408125.262
AnAn,650,0.0001867181091,348332.1393
AnAn,650,0.0002182644728,297098.4466
AnAn,650,0.000255140652,253182.3278
AnAn,650,0.0002982471286,215522.1874
AnAn,650,0.0003486365228,183211.003
AnAn,650,0.0004075392966,155474.4219
AnAn,650,0.000476393801,131652.0914
AnAn,650,0.0005568813991,111181.7394
AnAn,650,0.000650967523,93585.57615
AnAn,650,0.0007609496685,78458.62799
AnAn,650,0.0008895134973,65458.6448
AnAn,650,0.001039798418,54297.24758
AnAn,650,0.00121547425,44732.01222
AnAn,650,0.001420830833,36559.22744
AnAn,650,0.001660882783,29607.13385
AnAn,650,0.001941491946,23729.55504
AnAn,650,0.002269510537,18799.96967
AnAn,650,0.002652948464,14706.22424
AnAn,650,0.003101168927,11346.20375
AnAn,650,0.00362511705,8624.797879
AnAn,650,0.004237587161,6452.370152
AnAn,650,0.004953535209,4744.656644
AnAn,650,0.005790443981,3423.679876
AnAn,650,0.006768750009,2419.022128
AnAn,650,0.007912342619,1668.806557
AnAn,650,0.009249147277,1119.998262
AnAn,650,0.01081180751,728.0103323
AnAn,650,0.01263848203,455.8701693
AnAn,650,0.01477377653,273.2586767
AnAn,650,0.01726983291,155.6307137
AnAn,650,0.02018760255,83.48420351
AnAn,650,0.02359833467,41.7494911
AnAn,650,0.02758531618,19.2324495
AnAn,650,0.03224590545,8.047916776
AnAn,650,0.03769390975,3.009685817
AnAn,650,0.04406236428,0.9869817007
AnAn,650,0.05150678076,0.277630214
AnAn,650,0.06020894493,0.06529256421
AnAn,650,0.07038135555,0.01246178275
AnAn,650,0.08227241342,0.001864787896
AnAn,650,0.09617248711,0.000210202451
AnAn,650,0.1124210035,1.70401649e-05
AnAn,650,0.1314147363,9.414990404e-07
AnAn,650,0.1536174947,3.331781375e-08
AnAn,650,0.1795714494,7.027308269e-10
AnAn,650,0.209910372,8.128030869e-12
AnAn,650,0.2453751107,4.681782173e-14
AnAn,650,0.2868316813,1.201290141e-16
AnAn,650,0.3352924149,1.206970982e-19
AnAn,650,0.3919406775,4.090850278e-23
AnAn,650,0.4581597669,3.937300399e-27
AnAn,650,0.5355666918,9.268839916e-32
AnAn,650,0.6260516572,5.384558058e-35
AnAn,650,0.7318242219,2.912218873e-37
AnAn,650,0.8554672536,6.265177379e-40
AnAn,650,1,4.392351142e-43
AnAn,10000000,0.0001,1410971.344
AnAn,10000000,0.0001168951816,1165327.888
AnAn,10000000,0.0001366448349,961220.8403
AnAn,10000000,0.000159731228,791775.4257
AnAn,10000000,0.0001867181091,651236.5102
AnAn,10000000,0.0002182644728,534788.571
AnAn,10000000,0.000255140652,438404.3173
AnAn,10000000,0.0002982471286,358717.4412
AnAn,10000000,0.0003486365228,292915.6873
AnAn,10000000,0.0004075392966,238651.0229
AnAn,10000000,0.000476393801,193964.2017
AnAn,10000000,0.0005568813991,157221.4352
AnAn,10000000,0.000650967523,127061.2473
AnAn,10000000,0.0007609496685,102349.8912
AnAn,10000000,0.0008895134973,82143.96335
AnAn,10000000,0.001039798418,65659.06333
AnAn,10000000,0.00121547425,52243.53324
AnAn,10000000,0.001420830833,41356.46076
AnAn,10000000,0.001660882783,32549.2607
AnAn,10000000,0.001941491946,25450.25838
AnAn,10000000,0.002269510537,19751.78987
AnAn,10000000,0.002652948464,15199.41155
AnAn,10000000,0.003101168927,11582.87717
AnAn,10000000,0.00362511705,8728.595533
AnAn,10000000,0.004237587161,6493.329375
AnAn,10000000,0.004953535209,4758.936008
AnAn,10000000,0.005790443981,3427.984894
AnAn,10000000,0.006768750009,2420.116817
AnAn,10000000,0.007912342619,1669.03457
AnAn,10000000,0.009249147277,1120.035858
AnAn,10000000,0.01081180751,728.0150481
AnAn,10000000,0.01263848203,455.8705991
AnAn,10000000,0.01477377653,273.258704
AnAn,10000000,0.01726983291,155.6307151
AnAn,10000000,0.02018760255,83.4842037
AnAn,10000000,0.02359833467,41.7494912
AnAn,10000000,0.02758531618,19.23244955
AnAn,10000000,0.03224590545,8.047916805
AnAn,10000000,0.03769390975,3.00968583
AnAn,10000000,0.04406236428,0.9869817064
AnAn,10000000,0.05150678076,0.277630216
AnAn,10000000,0.06020894493,0.06529256483
AnAn,10000000,0.07038135555,0.0124617829
AnAn,10000000,0.08227241342,0.001864787927
AnAn,10000000,0.09617248711,0.0002102024558
AnAn,10000000,0.1124210035,1.704016545e-05
AnAn,10000000,0.1314147363,9.41499083e-07
AnAn,10000000,0.1536174947,3.331781595e-08
AnAn,10000000,0.1795714494,7.027308964e-10
AnAn,10000000,0.209910372,8.128032113e-12
AnAn,10000000,0.2453751107,4.681783315e-14
AnAn,10000000,0.2868316813,1.201290623e-16
AnAn,10000000,0.3352924149,1.206971803e-19
AnAn,10000000,0.3919406775,4.090855102e-23
AnAn,10000000,0.4581597669,3.937308594e-27
AnAn,10000000,0.5355666918,9.268869056e-32
AnAn,10000000,0.6260516572,5.384563262e-35
AnAn,10000000,0.7318242219,2.912224875e-37
AnAn,10000000,0.8554672536,6.265196663e-40
AnAn,10000000,1,4.392373036e-43
An0n,650,0.0001,510992.8315
An0n,650,0.0001168951816,436594.9657
An0n,650,0.0001366448349,372889.2609
An0n,650,0.000159731228,318325.404
An0n,650,0.0001867181091,271577.2429
An0n,650,0.0002182644728,231510.5608
An0n,650,0.000255140652,197155.5598
An0n,650,0.0002982471286,167683.3796
An0n,650,0.0003486365228,142386.075
An0n,650,0.0004075392966,120659.5545
An0n,650,0.000476393801,101989.0449
An0n,650,0.0005568813991,85936.70446
An0n,650,0.000650967523,72131.03901
An0n,650,0.0007609496685,60257.80953
An0n,650,0.0008895134973,50052.13767
An0n,650,0.001039798418,41291.53339
An0n,650,0.00121547425,33789.59116
An0n,650,0.001420830833,27390.13739
An0n,650,0.001660882783,21961.67525
An0n,650,0.001941491946,17392.0712
An0n,650,0.002269510537,13583.55903
An0n,650,0.002652948464,10448.28147
An0n,650,0.003101168927,7904.699208
An0n,650,0.00362511705,5875.212141
An0n,650,0.004237587161,4285.203497
An0n,650,0.004953535209,3063.436769
An0n,650,0.005790443981,2143.396245
An0n,650,0.006768750009,1464.922597
An0n,650,0.007912342619,975.4974552
An0n,650,0.009249147277,630.7886748
An0n,650,0.01081180751,394.4330925
An0n,650,0.01263848203,237.2992284
An0n,650,0.01477377653,136.5326381
An0n,650,0.01726983291,74.59386338
An0n,650,0.02018760255,38.37546672
An0n,650,0.02359833467,18.40766722
An0n,650,0.02758531618,8.137505614
An0n,650,0.03224590545,3.270396408
An0n,650,0.03769390975,1.175894116
An0n,650,0.04406236428,0.371234362
An0n,650,0.05150678076,0.1006749592
An0n,650,0.06020894493,0.02286064605
An0n,650,0.07038135555,0.004219203436
An0n,650,0.08227241342,0.0006114142588
An0n,650,0.09617248711,6.683181716e-05
An0n,650,0.1124210035,5.259919467e-06
An0n,650,0.1314147363,2.824432886e-07
An0n,650,0.1536174947,9.722093011e-09
An0n,650,0.1795714494,1.995846887e-10
An0n,650,0.209910372,2.247912404e-12
An0n,650,0.2453751107,1.261195231e-14
An0n,650,0.2868316813,3.152398534e-17
An0n,650,0.3352924149,3.085204914e-20
An0n,650,0.3919406775,1.018344974e-23
An0n,650,0.4581597669,9.540665996e-28
An0n,650,0.5355666918,2.078978698e-32
An0n,650,0.6260516572,8.420422899e-38
An0n,650,0.7318242219,2.939778086e-42
An0n,650,0.8554672536,7.516887191e-45
An0n,650,1,6.737108698e-48
An0n,10000000,0.0001,1264576.323
An0n,10000000,0.0001168951816,1040165.765
An0n,10000000,0.0001366448349,854229.6514
An0n,10000000,0.000159731228,700336.1988
An0n,10000000,0.0001867181091,573109.2267
An0n,10000000,0.0002182644728,468057.3748
An0n,10000000,0.000255140652,381430.6304
An0n,10000000,0.0002982471286,310099.8429
An0n,10000000,0.0003486365228,251455.576
An0n,10000000,0.0004075392966,203323.2235
An0n,10000000,0.000476393801,163891.8016
An0n,10000000,0.0005568813991,131654.2348
An0n,10000000,0.000650967523,105357.3021
An0n,10000000,0.0007609496685,83959.69654
An0n,10000000,0.0008895134973,66596.9001
An0n,10000000,0.001039798418,52551.77801
An0n,10000000,0.00121547425,41229.9752
An0n,10000000,0.001420830833,32139.3411
An0n,10000000,0.001660882783,24872.73393
An0n,10000000,0.001941491946,19093.65941
An0n,10000000,0.002269510537,14524.28652
An0n,10000000,0.002652948464,10935.45657
An0n,10000000,0.003101168927,8138.363826
An0n,10000000,0.00362511705,5977.637922
An0n,10000000,0.004237587161,4325.601649
An0n,10000000,0.004953535209,3077.514021
An0n,10000000,0.005790443981,2147.638488
An0n,10000000,0.006768750009,1466.000888
An0n,10000000,0.007912342619,975.7219689
An0n,10000000,0.009249147277,630.8256811
An0n,10000000,0.01081180751,394.4377323
An0n,10000000,0.01263848203,237.2996508
An0n,10000000,0.01477377653,136.5326646
An0n,10000000,0.01726983291,74.59386449
An0n,10000000,0.02018760255,38.37546678
An0n,10000000,0.02359833467,18.40766724
An0n,10000000,0.02758531618,8.137505626
An0n,10000000,0.03224590545,3.270396414
An0n,10000000,0.03769390975,1.175894119
An0n,10000000,0.04406236428,0.3712343632
An0n,10000000,0.05150678076,0.1006749597
An0n,10000000,0.06020894493,0.02286064618
An0n,10000000,0.07038135555,0.00421920347
An0n,10000000,0.08227241342,0.0006114142656
An0n,10000000,0.09617248711,6.68318182e-05
An0n,10000000,0.1124210035,5.259919584e-06
An0n,10000000,0.1314147363,2.824432977e-07
An0n,10000000,0.1536174947,9.722093478e-09
An0n,10000000,0.1795714494,1.995847033e-10
An0n,10000000,0.209910372,2.247912663e-12
An0n,10000000,0.2453751107,1.261195468e-14
An0n,10000000,0.2868316813,3.152399528e-17
An0n,10000000,0.3352924149,3.085206594e-20
An0n,10000000,0.3919406775,1.018345957e-23
An0n,10000000,0.4581597669,9.54068261e-28
An0n,10000000,0.5355666918,2.07898529e-32
An0n,10000000,0.6260516572,8.4204267e-38
An0n,10000000,0.7318242219,2.939759873e-42
An0n,10000000,0.8554672536,7.516896854e-45
An0n,10000000,1,6.737115109e-48
